contextual,behavioral
f0,class
f1,
f2,
f3,
f4,
f5,
f6,
f7,
f8,
f9,
f10,
f11,
f12,
f13,
f14,
f15,
f16,
f17,
f18,
f19,
f20,
f21,
f22,
f23,
f24,
f25,
f26,
f27,
f28,
f29,
f30,
f31,
f32,
f33,
f34,
f35,
f36,
f37,
f38,
f39,
f40,
f41,
f42,
f43,
f44,
f45,
f46,
f47,
f48,
f49,
f50,
f51,
f52,
f53,
f54,
f55,
f56,
f57,
f58,
f59,
f60,
f61,
f62,
f63,
f64,
f65,
f66,
f67,
f68,
f69,
f70,
f71,
f72,
f73,
f74,
f75,
kl0,
kl1,
kl2,
kl3,
kl4,
kl5,
kl6,
kl7,
kl8,
kl9,
kl10,
kl11,
kl12,
kl13,
kl14,
kl15,
kl16,
kl17,
kl18,
kl19,
kl20,
kl21,
kl22,
kl23,
kl24,
kl25,
kl26,
kl27,
kl28,
kl29,
kl30,
kl31,
kl32,
kl33,
kl34,
kl35,
kl36,
kl37,
kl38,
kl39,
kl40,
kl41,
kl42,
kl43,
kl44,
kl45,
kl46,
kl47,
kl48,
kl49,
kl50,
kl51,
kl52,
kl53,
kl54,
kl55,
kl56,
kl57,
kl58,
kl59,
kl60,
kl61,
kl62,
kl63,
m0,
m1,
m2,
m3,
m4,
m5,
px0,
px1,
px2,
px3,
px4,
px5,
px6,
px7,
px8,
px9,
px10,
px11,
px12,
px13,
px14,
px15,
px16,
px17,
px18,
px19,
px20,
px21,
px22,
px23,
px24,
px25,
px26,
px27,
px28,
px29,
px30,
px31,
px32,
px33,
px34,
px35,
px36,
px37,
px38,
px39,
px40,
px41,
px42,
px43,
px44,
px45,
px46,
px47,
px48,
px49,
px50,
px51,
px52,
px53,
px54,
px55,
px56,
px57,
px58,
px59,
px60,
px61,
px62,
px63,
px64,
px65,
px66,
px67,
px68,
px69,
px70,
px71,
px72,
px73,
px74,
px75,
px76,
px77,
px78,
px79,
px80,
px81,
px82,
px83,
px84,
px85,
px86,
px87,
px88,
px89,
px90,
px91,
px92,
px93,
px94,
px95,
px96,
px97,
px98,
px99,
px100,
px101,
px102,
px103,
px104,
px105,
px106,
px107,
px108,
px109,
px110,
px111,
px112,
px113,
px114,
px115,
px116,
px117,
px118,
px119,
px120,
px121,
px122,
px123,
px124,
px125,
px126,
px127,
px128,
px129,
px130,
px131,
px132,
px133,
px134,
px135,
px136,
px137,
px138,
px139,
px140,
px141,
px142,
px143,
px144,
px145,
px146,
px147,
px148,
px149,
px150,
px151,
px152,
px153,
px154,
px155,
px156,
px157,
px158,
px159,
px160,
px161,
px162,
px163,
px164,
px165,
px166,
px167,
px168,
px169,
px170,
px171,
px172,
px173,
px174,
px175,
px176,
px177,
px178,
px179,
px180,
px181,
px182,
px183,
px184,
px185,
px186,
px187,
px188,
px189,
px190,
px191,
px192,
px193,
px194,
px195,
px196,
px197,
px198,
px199,
px200,
px201,
px202,
px203,
px204,
px205,
px206,
px207,
px208,
px209,
pc0,
pc1,
pc2,
pc3,
pc4,
pc5,
pc6,
pc7,
pc8,
pc9,
pc10,
pc11,
pc12,
pc13,
pc14,
pc15,
pc16,
pc17,
pc18,
pc19,
pc20,
pc21,
pc22,
pc23,
pc24,
pc25,
pc26,
pc27,
pc28,
pc29,
pc30,
pc31,
pc32,
pc33,
pc34,
pc35,
pc36,
pc37,
pc38,
pc39,
pc40,
pc41,
pc42,
pc43,
pc44,
pc45,
pc46,
pc47,
pc48,
pc49,
pc50,
pc51,
pc52,
pc53,
pc54,
pc55,
pc56,
pc57,
pc58,
pc59,
pc60,
pc61,
pc62,
pc63,
pc64,
pc65,
pc66,
pc67,
pc68,
pc69,
pc70,
pc71,
pc72,
pc73,
pc74,
pc75,
pc76,
pc77,
pc78,
pc79,
pc80,
pc81,
pc82,
pc83,
pc84,
pc85,
pc86,
pc87,
pc88,
pc89,
pc90,
pc91,
pc92,
pc93,
pc94,
pc95,
pc96,
pc97,
pc98,
pc99,
pc100,
pc101,
pc102,
pc103,
pc104,
pc105,
pc106,
pc107,
pc108,
pc109,
pc110,
pc111,
pc112,
pc113,
pc114,
pc115,
pc116,
pc117,
pc118,
pc119,
pc120,
pc121,
pc122,
pc123,
pc124,
pc125,
pc126,
pc127,
pc128,
pc129,
pc130,
pc131,
pc132,
pc133,
pc134,
pc135,
pc136,
pc137,
pc138,
pc139,
pc140,
pc141,
pc142,
pc143,
pc144,
pc145,
pc146,
pc147,
pc148,
pc149,
pc150,
pc151,
pc152,
pc153,
pc154,
pc155,
pc156,
pc157,
pc158,
pc159,
pc160,
pc161,
pc162,
pc163,
pc164,
pc165,
pc166,
pc167,
pc168,
pc169,
pc170,
pc171,
pc172,
pc173,
pc174,
pc175,
pc176,
pc177,
pc178,
pc179,
pc180,
pc181,
pc182,
pc183,
pc184,
pc185,
pc186,
pc187,
pc188,
pc189,
pc190,
pc191,
pc192,
pc193,
pc194,
pc195,
pc196,
pc197,
pc198,
pc199,
pc200,
pc201,
pc202,
pc203,
pc204,
pc205,
pc206,
pc207,
pc208,
pc209,
pc210,
pc211,
pc212,
pc213,
pc214,
pc215,
z0,
z1,
z2,
z3,
z4,
z5,
z6,
z7,
z8,
z9,
z10,
z11,
z12,
z13,
z14,
z15,
z16,
z17,
z18,
z19,
z20,
z21,
z22,
z23,
z24,
z25,
z26,
z27,
z28,
z29,
z30,
z31,
z32,
z33,
z34,
z35,
z36,
z37,
z38,
z39,
z40,
z41,
z42,
z43,
z44,
z45,
z46,
